grad_perm_1,grad_perm_2,grad_perm_3,perm_1,perm_2,perm_3
5.9690821064426e-26,1.3817712435649e-20,3.4039022769609e-25,-15,-15,-15
