grad_perm_1,grad_perm_2,grad_perm_3,perm_1,perm_2,perm_3
4.1784246057047e-35,2.4947788119533e-15,7.9540665909278e-35,-25,-10,-25
